1625594318.3018162,2.0,24.3007,0,30
1625594323.5149267,2.0,24.3632,0,30.0
1625594328.3577003,2.0,24.3632,0,30.0
1625594333.2694256,2.0,24.3507,0,30.0
1625594338.390211,2.0,24.3882,0,30.0
1625594343.3054595,2.0,24.3757,0,30.0
1625594348.3996096,2.0,24.5007,0,30.0
1625594353.3119812,2.0,24.4882,0,30.0
1625594358.4369137,2.0,24.4882,0,30.0
1625594363.3469234,2.0,24.6382,0,30.0
1625594368.47671,2.0,24.4882,0,30.0
1625594373.3929987,2.0,24.5632,0,30.0
1625594378.5217912,2.0,24.5632,0,30.0
1625594383.4332325,2.0,24.6507,0,30.0
1625594388.5612223,2.0,24.6507,0,30.0
1625594393.4772854,2.0,24.6382,0,30.0
1625594398.6054072,2.0,24.6757,0,30.0
1625594403.5229113,2.0,24.5257,0,30.0
1625594408.6496637,2.0,24.7257,0,30.0
1625594413.571545,2.0,24.7257,0,30.0
1625594418.7008662,2.0,24.7632,0,30.0
1625594423.6172376,2.0,24.7507,0,30.0
1625594428.7454076,2.0,24.7507,0,30.0
1625594433.6612933,2.0,24.7882,0,30.0
1625594438.7667377,2.0,24.8382,0,30.0
1625594443.6790314,2.0,24.7757,0,30.0
1625594448.7742496,2.0,24.8632,0,30.0
1625594453.6912405,2.0,24.8507,0,30.0
1625594458.82264,2.0,24.8882,0,30.0
1625594463.7400634,2.0,24.9382,0,30.0
1625594468.8627088,2.0,24.9007,0,30.0
1625594473.7837384,2.0,24.9257,0,30.0
1625594478.9057899,2.0,24.9382,0,30.0
1625594483.8709474,2.0,24.9257,0,30.0
1625594488.9885218,2.0,24.9758,0,30.0
1625594493.9047625,2.0,25.0007,0,30.0
1625594499.0331078,2.0,25.0383,0,30.0
1625594503.9496052,2.0,24.9382,0,30.0
1625594509.0788894,2.0,25.0507,0,30.0
1625594513.9876144,2.0,25.0507,0,30.0
1625594519.1149507,2.0,25.0757,0,30.0
1625594524.0335407,2.0,25.1257,0,30.0
1625594529.1589413,2.0,25.1257,0,30.0
1625594534.0620875,2.0,25.1382,0,30.0
1625594556.1856253,2.0,25.2007,0,30
1625594561.3118744,2.0,25.1883,0,30
1625594566.2300642,2.0,25.2132,0,30
1625594571.320882,2.0,25.2257,0,30
1625594576.2321017,2.0,25.2508,0,30
1625594581.3510156,2.0,25.2758,0,30
1625594586.2673104,2.0,25.2758,0,30
1625594591.394093,2.0,25.2383,0,30
1625594596.3128607,2.0,25.2758,0,30
1625594601.4418848,2.0,25.4133,0,30
1625594606.4048648,2.0,25.3132,0,30
1625594611.5192103,2.0,25.5258,0,30
1625594616.4301589,2.0,25.2383,0,30
1625594621.5537395,2.0,25.3883,0,30
1625594626.4666457,2.0,25.3883,0,30
1625594631.5936692,2.0,25.4633,0,30
1625594636.50469,2.0,25.4258,0,30
1625594641.6285717,2.0,25.4508,0,30
1625594646.544641,2.0,25.4633,0,30
1625594651.6663308,2.0,25.4758,0,30
1625594656.5778737,2.0,25.5133,0,30
1625594661.7071033,2.0,25.5008,0,30
1625594666.6206841,2.0,25.5258,0,30
1625594671.746443,2.0,25.5758,0,30
1625594676.6610096,2.0,25.5758,0,30
1625594681.7835925,2.0,25.6258,0,30
1625594686.6963184,2.0,25.6133,0,30
1625594691.821083,2.0,25.6133,0,30
1625594696.7312999,2.0,25.7008,0,30
1625594701.8546808,2.0,25.6258,0,30
1625594706.7658987,2.0,25.6633,0,30
1625594711.8903646,2.0,25.5133,0,30
1625594716.8077967,2.0,25.5758,0,30
1625594721.9020884,2.0,25.7383,0,30
1625594726.8137257,2.0,25.7133,0,30
1625594731.935285,2.0,25.7258,0,30
1625594736.8463767,2.0,25.7633,0,30
1625594741.9717426,2.0,25.8008,0,30
1625594746.8855808,2.0,25.8133,0,30
1625594752.012233,2.0,25.7758,0,30
1625594756.9238207,2.0,25.8508,0,30
1625594762.0488713,2.0,25.8383,0,30
1625594766.969115,2.0,25.8633,0,30
1625594772.0962045,2.0,25.8508,0,30
1625594777.0083938,2.0,25.9258,0,30
1625594782.1296148,2.0,25.9383,0,30
1625594787.0543532,2.0,25.9008,0,30
1625594792.180557,2.0,25.9383,0,30
1625594797.0925238,2.0,25.9258,0,30
1625594802.2183106,2.0,26.0008,0,30
1625594807.1153524,2.0,25.9883,0,30
1625594812.2471938,2.0,26.0008,0,30
1625594817.1610632,2.0,26.0883,0,30
1625594822.2580564,2.0,26.0133,0,30
1625594827.167967,2.0,26.0258,0,30
1625594832.2932248,2.0,26.0883,0,30
1625594837.2050905,2.0,26.0383,0,30
1625594842.3274488,2.0,26.0383,0,30
1625594847.239278,2.0,26.0758,0,30
1625594852.366397,2.0,26.1258,0,30
1625594857.2788148,2.0,26.1258,0,30
1625594862.3830128,2.0,26.1883,0,30
1625594867.2975962,2.0,26.2133,0,30
1625594872.3961935,2.0,26.2133,0,30
1625594877.3088179,2.0,26.2633,0,30
1625594882.4368134,2.0,26.1383,0,30
1625594887.3529003,2.0,26.2133,0,30
1625594892.4805899,2.0,26.3133,0,30
1625594897.393104,2.0,26.2508,0,30
1625594902.5173085,2.0,26.2883,0,30
1625594907.428851,2.0,26.2758,0,30
1625594912.560272,2.0,26.2883,0,30
1625594917.4697776,2.0,26.3008,0,30
1625594922.5969326,2.0,26.3133,0,30
1625594927.5149465,2.0,26.3883,0,30
1625594932.6478288,2.0,26.3383,0,30
1625594937.5617375,2.0,26.3633,0,30
1625594942.6900907,2.0,26.3508,0,30
1625594947.6017072,2.0,26.3758,0,30
1625594952.7292867,2.0,26.3758,0,30
1625594957.6407175,2.0,26.4133,0,30
1625594962.7683163,2.0,26.4383,0,30
1625594967.6828828,2.0,26.4383,0,30
1625594972.7726808,2.0,26.4633,0,30
1625594977.684436,2.0,26.4758,0,30
1625594982.812095,2.0,26.5383,0,30
1625594987.7256439,2.0,26.5508,0,30
1625594992.8532205,2.0,26.6008,0,30
1625594997.7688787,2.0,26.5383,0,30
1625595002.890821,2.0,26.5758,0,30
1625595007.8020604,2.0,26.5758,0,30
1625595012.9244845,2.0,26.5508,0,30
1625595017.8383358,2.0,26.6633,0,30
1625595022.9329813,2.0,26.6133,0,30
1625595027.8427567,2.0,26.6258,0,30
1625595032.9630735,2.0,26.6133,0,30
1625595037.8789234,2.0,26.6633,0,30
1625595043.0027037,2.0,26.6633,0,30
1625595047.9159694,2.0,26.7258,0,30
1625595053.0389047,2.0,26.8133,0,30
1625595057.9493594,2.0,26.7383,0,30
1625595063.0750978,2.0,26.7258,0,30
1625595067.9864097,2.0,26.7883,0,30
1625595073.1154084,2.0,26.7508,0,30
1625595078.0285156,2.0,26.7883,0,30
1625595083.1496172,2.0,26.7633,0,30
1625595088.0612285,2.0,26.8258,0,30
1625595093.1874068,2.0,26.7758,0,30
1625595098.0995264,2.0,26.8383,0,30
1625595103.219734,2.0,26.8508,0,30
1625595108.118076,2.0,26.8758,0,30
1625595113.2421584,2.0,26.8633,0,30
1625595118.1529338,2.0,26.8508,0,30
1625595123.244469,2.0,26.8883,0,30
1625595128.1563919,2.0,26.9258,0,30
1625595133.2816336,2.0,26.8883,0,30
1625595138.2029548,2.0,26.9133,0,30
1625595143.3286705,2.0,26.9133,0,30
1625595148.2412732,2.0,26.9633,0,30
1625595153.3604538,2.0,26.9758,0,30
1625595158.2717962,2.0,26.9383,0,30
1625595163.3984034,2.0,27.0008,0,30
1625595168.3091712,2.0,27.0383,0,30
1625595173.4337578,2.0,27.0133,0,30
1625595178.3527935,2.0,27.0508,0,30
1625595183.478393,2.0,27.1258,0,30
1625595188.3897016,2.0,27.0758,0,30
1625595193.521219,2.0,27.1258,0,30
1625595198.4355474,2.0,27.1508,0,30
1625595203.5658553,2.0,27.1133,0,30
1625595208.4761372,2.0,27.1258,0,30
1625595213.608194,2.0,27.1383,0,30
1625595218.52103,2.0,27.2633,0,30
1625595223.6096957,2.0,27.2008,0,30
1625595228.5270734,2.0,27.1883,0,30
1625595233.651381,2.0,27.2383,0,30
1625595238.5634089,2.0,27.2133,0,30
1625595243.683827,2.0,27.2633,0,30
1625595248.597179,2.0,27.2508,0,30
1625595253.7264562,2.0,27.2508,0,30
1625595258.621805,2.0,27.2883,0,30
1625595263.744666,2.0,27.2883,0,30
1625595268.6571846,2.0,27.2883,0,30
1625595273.7820683,2.0,27.3258,0,30
1625595278.7094111,2.0,27.3633,0,30
1625595283.8418643,2.0,27.3383,0,30
1625595288.755364,2.0,27.3383,0,30
1625595293.8776417,2.0,27.3883,0,30
1625595298.7937574,2.0,27.3883,0,30
1625595303.919771,2.0,27.4133,0,30
1625595308.8315456,2.0,27.4008,0,30
1625595313.9381437,2.0,27.4258,0,30
1625595318.8502474,2.0,27.4008,0,30
1625595323.9437745,2.0,27.4133,0,30
1625595328.8563697,2.0,27.4508,0,30
1625595333.9800484,2.0,27.4883,0,30
1625595338.9005985,2.0,27.4633,0,30
1625595344.0276349,2.0,27.5508,0,30
1625595348.9433136,2.0,27.4883,0,30
1625595354.064001,2.0,27.5258,0,30
1625595358.9600012,2.0,27.5508,0,30
1625595364.0815952,2.0,27.5508,0,30
1625595368.995845,2.0,27.5383,0,30
1625595374.0924685,2.0,27.6008,0,30
1625595379.003238,2.0,27.5883,0,30
1625595384.1278982,2.0,27.6008,0,30
1625595389.0350165,2.0,27.6258,0,30
1625595394.1589127,2.0,27.6758,0,30
1625595399.07324,2.0,27.4633,0,30
1625595404.204049,2.0,27.7008,0,30
1625595409.1033802,2.0,27.6758,0,30
1625595414.2284436,2.0,27.6758,0,30
1625595419.141553,2.0,27.6133,0,30
1625595424.2642875,2.0,27.7133,0,30
1625595429.1755774,2.0,27.7133,0,30
1625595434.3038814,2.0,27.7508,0,30
1625595439.2151134,2.0,27.7383,0,30
1625595444.3115861,2.0,27.8008,0,30
1625595449.2225351,2.0,27.8258,0,30
1625595454.329046,2.0,27.7758,0,30
1625595459.2419086,2.0,27.7758,0,30
1625595464.333587,2.0,27.8258,0,30
1625595469.255573,2.0,27.8133,0,30
1625595474.378078,2.0,27.8883,0,30
1625595479.2935004,2.0,27.7508,0,30
1625595484.4210553,2.0,27.8633,0,30
1625595489.3378448,2.0,27.8633,0,30
1625595494.4657612,2.0,27.8883,0,30
1625595499.3636718,2.0,27.9008,0,30
1625595504.4810107,2.0,27.9258,0,30
1625595509.395177,2.0,27.9383,0,30
1625595514.4863832,2.0,27.8383,0,30
1625595519.4027767,2.0,27.9383,0,30
1625595524.5216007,2.0,27.9633,0,30
1625595529.4382849,2.0,27.9758,0,30
1625595534.5739212,2.0,27.9758,0,30
1625595539.4909184,2.0,28.0383,0,30
1625595544.6151395,2.0,28.0008,0,30
1625595549.516393,2.0,28.0758,0,30
1625595554.636878,2.0,28.0383,0,30
1625595559.5486054,2.0,28.0383,0,30
1625595564.64402,2.0,28.1758,0,30
1625595569.560392,2.0,28.0758,0,30
1625595574.6839974,2.0,28.0758,0,30
1625595579.5993612,2.0,28.0133,0,30
1625595584.726823,2.0,28.1133,0,30
1625595589.642048,2.0,28.1633,0,30
1625595594.7615752,2.0,28.1883,0,30
1625595599.6740634,2.0,28.1633,0,30
1625595604.7987523,2.0,28.0258,0,30
1625595609.7165506,2.0,28.1758,0,30
1625595614.8128922,2.0,28.2008,0,30
1625595619.7242284,2.0,28.2633,0,30
1625595624.8511162,2.0,28.2008,0,30
1625595629.7622674,2.0,28.2133,0,30
1625595634.8813221,2.0,28.2383,0,30
1625595639.8018005,2.0,28.3008,0,30
1625595644.9256885,2.0,28.4008,0,30
1625595649.8286943,2.0,28.3133,0,30
1625595654.9510155,2.0,28.2759,0,30
1625595659.8663142,2.0,28.3008,0,30
1625595664.9604785,2.0,28.3133,0,30
1625595669.8750834,2.0,28.2759,0,30
1625595674.9941733,2.0,28.3258,0,30
1625595679.907327,2.0,28.3883,0,30
1625595685.0303006,2.0,28.2383,0,30
1625595689.9413888,2.0,28.3508,0,30
1625595695.0620172,2.0,28.3258,0,30
1625595699.9734101,2.0,28.3758,0,30
1625595705.0974371,2.0,28.3883,0,30
1625595710.013906,2.0,28.4258,0,30
1625595715.1386888,2.0,28.4759,0,30
1625595720.0490847,2.0,28.4008,0,30
1625595725.172564,2.0,28.4383,0,30
1625595730.0839155,2.0,28.4508,0,30
1625595735.2097607,2.0,28.4383,0,30
1625595740.121838,2.0,28.4759,0,30
1625595745.2483382,2.0,28.4508,0,30
1625595750.1599839,2.0,28.4884,0,30
1625595755.282398,2.0,28.5384,0,30
1625595760.1957216,2.0,28.3633,0,30
1625595765.2889388,2.0,28.5384,0,30
1625595770.1993318,2.0,28.5509,0,30
1625595775.324833,2.0,28.5634,0,30
1625595780.236129,2.0,28.5509,0,30
1625595785.3587923,2.0,28.6009,0,30
1625595790.271705,2.0,28.6133,0,30
1625595795.3962605,2.0,28.6009,0,30
1625595800.2963195,2.0,28.4633,0,30
1625595805.4253125,2.0,28.6133,0,30
1625595810.3363705,2.0,28.6884,0,30
1625595815.4557266,2.0,28.6884,0,30
1625595820.3681495,2.0,28.8134,0,30
1625595825.4967341,2.0,28.7259,0,30
1625595830.4103806,2.0,28.6884,0,30
1625595835.5326009,2.0,28.7759,0,30
1625595840.4475508,2.0,28.7009,0,30
1625595845.5752728,2.0,28.7009,0,30
1625595850.4858701,2.0,28.6384,0,30
1625595855.611891,2.0,28.7134,0,30
1625595860.5234325,2.0,28.8384,0,30
1625595865.6166823,2.0,28.7134,0,30
1625595870.5304332,2.0,28.8009,0,30
1625595875.6579752,2.0,28.8384,0,30
1625595880.5740452,2.0,28.7759,0,30
1625595885.7014456,2.0,28.8509,0,30
1625595890.6153018,2.0,28.8259,0,30
1625595895.7367322,2.0,28.8634,0,30
1625595900.647261,2.0,28.8759,0,30
1625595905.7690024,2.0,28.8509,0,30
1625595910.6786535,2.0,28.8259,0,30
1625595915.7703037,2.0,28.8509,0,30
1625595920.682159,2.0,28.8884,0,30
1625595925.8101187,2.0,28.8884,0,30
1625595930.7238374,2.0,28.9009,0,30
1625595935.8440905,2.0,28.9009,0,30
1625595940.7608566,2.0,28.8759,0,30
1625595945.886465,2.0,28.9384,0,30
1625595950.7977722,2.0,28.9384,0,30
1625595955.9195528,2.0,28.9259,0,30
1625595960.8408282,2.0,28.9634,0,30
1625595965.9382422,2.0,28.9759,0,30
1625595970.8619063,2.0,29.0384,0,30
1625595975.9857748,2.0,29.0134,0,30
1625595980.9012983,2.0,29.0509,0,30
1625595986.0257611,2.0,29.0759,0,30
1625595990.9389389,2.0,29.0634,0,30
1625595996.058562,2.0,29.0259,0,30
1625596000.9584672,2.0,29.0759,0,30
1625596006.0872753,2.0,29.1384,0,30
1625596010.999458,2.0,29.0634,0,30
1625596016.090078,2.0,29.1509,0,30
1625596021.020688,2.0,29.0884,0,30
1625596026.145055,2.0,29.1009,0,30
1625596031.0574853,2.0,29.1009,0,30
1625596036.1787665,2.0,29.1384,0,30
1625596041.0946944,2.0,29.1259,0,30
1625596046.2242758,2.0,29.1259,0,30
1625596051.1411514,2.0,29.2009,0,30
1625596056.2496903,2.0,29.1509,0,30
1625596061.1610978,2.0,29.2009,0,30
1625596066.2585266,2.0,29.2009,0,30
1625596071.1694822,2.0,29.3134,0,30
1625596076.286362,2.0,29.2134,0,30
1625596081.211251,2.0,29.2509,0,30
1625596086.3412,2.0,29.1884,0,30
1625596091.254803,2.0,29.2259,0,30
1625596096.3779244,2.0,29.2884,0,30
1625596101.2770245,2.0,29.3009,0,30
1625596106.4040306,2.0,29.2509,0,30
1625596111.3178158,2.0,29.3134,0,30
1625596116.442983,2.0,29.2634,0,30
1625596121.3565,2.0,29.3134,0,30
1625596126.4820874,2.0,29.1884,0,30
1625596131.395178,2.0,29.3259,0,30
1625596136.5219402,2.0,29.3259,0,30
1625596141.434667,2.0,29.3384,0,30
1625596146.5631196,2.0,29.3259,0,30
1625596151.4612517,2.0,29.3634,0,30
1625596156.5832753,2.0,29.3634,0,30
1625596161.4911628,2.0,29.4009,0,30
1625596166.6147828,2.0,29.4134,0,30
1625596171.5266752,2.0,29.3759,0,30
1625596176.6550145,2.0,29.5009,0,30
1625596181.571847,2.0,29.4884,0,30
1625596186.6972106,2.0,29.4634,0,30
1625596191.6117508,2.0,29.4259,0,30
1625596196.738828,2.0,29.4634,0,30
1625596201.6485062,2.0,29.4634,0,30
1625596206.7773511,2.0,29.4884,0,30
1625596211.6867087,2.0,29.5509,0,30
1625596216.7834952,2.0,29.6009,0,30
1625596221.6946504,2.0,29.5384,0,30
1625596226.8162253,2.0,29.5259,0,30
1625596231.7269616,2.0,29.5759,0,30
1625596236.8503761,2.0,29.5634,0,30
1625596241.7643383,2.0,29.5634,0,30
1625596246.8931534,2.0,29.5634,0,30
1625596251.8575678,2.0,29.5384,0,30
1625596256.9649124,2.0,29.5634,0,30
1625596261.8778663,2.0,29.5884,0,30
1625596267.0058823,2.0,29.6134,0,30
1625596271.9250875,2.0,29.6384,0,30
1625596277.057095,2.0,29.4509,0,30
1625596281.9718242,2.0,29.6259,0,30
1625596287.090743,2.0,29.6134,0,30
1625596292.0033183,2.0,29.6384,0,30
1625596297.1320848,2.0,29.6634,0,30
1625596302.03526,2.0,29.6634,0,30
1625596307.1617098,2.0,29.5759,0,30
1625596312.0715394,2.0,29.7009,0,30
1625596317.161269,2.0,29.7384,0,30
1625596322.0735662,2.0,29.6759,0,30
1625596327.1998744,2.0,29.7134,0,30
1625596332.1126914,2.0,29.7259,0,30
1625596337.2385254,2.0,29.8134,0,30
1625596342.1509273,2.0,29.7509,0,30
1625596347.272571,2.0,29.7759,0,30
1625596352.1680698,2.0,29.7759,0,30
1625596357.2978675,2.0,29.7259,0,30
1625596362.210298,2.0,29.8134,0,30
1625596367.3073566,2.0,29.8259,0,30
1625596372.2158513,2.0,29.7009,0,30
1625596377.3069146,2.0,29.8384,0,30
1625596382.2229247,2.0,29.8259,0,30
1625596387.346473,2.0,29.8259,0,30
1625596392.263378,2.0,29.8259,0,30
1625596397.368086,2.0,29.8759,0,30
1625596402.2928464,2.0,29.9384,0,30
1625596407.4143689,2.0,29.8634,0,30
1625596412.3183403,2.0,29.9009,0,30
1625596417.4458773,2.0,29.9134,0,30
1625596422.3646855,2.0,29.9009,0,30
1625596427.4949188,2.0,29.7884,0,30
1625596432.408779,2.0,29.9009,0,30
1625596437.5360572,2.0,29.9384,0,30
1625596442.4475873,2.0,29.9509,0,30
1625596447.560706,2.0,29.9384,0,30
1625596452.4792497,2.0,29.9634,0,30
1625596457.6075203,2.0,30.0009,0,30
1625596462.519178,2.0,30.0259,0,30
1625596467.64638,2.0,29.9634,0,30
1625596472.5594528,2.0,29.9884,0,30
1625596477.684126,0.0,30.0134,0,30
1625596482.6060114,2.0,29.9259,0,30
1625596487.7336123,2.0,29.9884,0,30
1625596492.6448293,0.0,30.0134,0,30
1625596497.7744012,2.0,30.0134,0,30
1625596502.6869164,0.0,29.9884,0,30
1625596507.8124115,2.0,30.0009,0,30
1625596512.7258282,2.0,29.9884,0,30
1625596517.850702,2.0,30.0009,0,30
1625596522.7652905,0.0,30.0634,0,30
1625596527.8882527,2.0,29.9884,0,30
1625596532.802131,2.0,29.9884,0,30
1625596537.932963,2.0,29.9384,0,30
1625596542.8978999,2.0,30.0134,0,30
1625596548.0110319,0.0,30.0009,0,30
1625596552.9283893,0.0,29.9509,0,30
1625596558.05662,0.0,29.9759,0,30
1625596562.9702966,0.0,29.9884,0,30
1625596568.0905077,2.0,30.0134,0,30
1625596573.001796,2.0,30.0259,0,30
1625596578.1259234,2.0,30.0009,0,30
1625596583.0439749,2.0,29.9759,0,30
1625596588.1686695,0.0,30.0759,0,30
1625596593.064689,0.0,30.0634,0,30
1625596598.1960819,2.0,30.0009,0,30
1625596603.1132221,0.0,29.9884,0,30
1625596608.2055688,0.0,29.9759,0,30
1625596613.11713,2.0,30.0009,0,30
1625596618.2404723,2.0,30.0009,0,30
1625596623.1520805,0.0,30.0259,0,30
1625596628.2807984,0.0,30.0009,0,30
1625596633.1890125,2.0,30.0259,0,30
1625596638.3172574,0.0,30.0384,0,30
1625596643.5089154,0.0,29.9759,0,35.0
1625596648.3024585,2.0,29.9884,0,35.0
1625596653.2148733,2.0,30.0134,0,35.0
1625596658.3459926,2.0,30.0134,0,35.0
1625596663.258828,2.0,30.1384,0,35.0
1625596668.383323,2.0,30.0259,0,35.0
1625596673.3000066,2.0,30.0634,0,35.0
1625596678.4083006,2.0,30.0759,0,35.0
1625596683.3237178,2.0,30.1509,0,35.0
1625596688.4223504,2.0,30.1009,0,35.0
1625596693.3363957,2.0,30.1134,0,35.0
1625596698.4672859,2.0,30.1009,0,35.0
1625596703.3827066,2.0,30.1134,0,35.0
1625596708.513253,2.0,30.1634,0,35.0
1625596713.432788,2.0,30.1634,0,35.0
1625596718.5621493,2.0,30.1509,0,35.0
1625596723.4738586,2.0,30.1759,0,35.0
1625596728.5942996,2.0,30.2384,0,35.0
1625596733.5043612,2.0,30.1884,0,35.0
1625596738.5983942,2.0,30.2384,0,35.0
1625596743.5150442,2.0,30.2259,0,35.0
1625596748.6452494,2.0,30.2384,0,35.0
1625596753.5572574,2.0,30.3134,0,35.0
1625596758.6852558,2.0,30.2634,0,35.0
1625596763.5969396,2.0,30.2634,0,35.0
1625596768.7262073,2.0,30.3259,0,35.0
1625596773.6368275,2.0,30.2634,0,35.0
1625596778.7652516,2.0,30.2634,0,35.0
1625596783.6819062,2.0,30.2884,0,35.0
1625596788.7756343,2.0,30.3009,0,35.0
1625596793.68443,2.0,30.2509,0,35.0
1625596798.8103862,2.0,30.3509,0,35.0
1625596803.7264352,2.0,30.3884,0,35.0
1625596808.8547618,2.0,30.3384,0,35.0
1625596813.7737176,2.0,30.3259,0,35.0
1625596818.9007847,2.0,30.3384,0,35.0
1625596823.8127456,2.0,30.4134,0,35.0
1625596828.942498,2.0,30.3509,0,35.0
1625596833.8593745,2.0,30.4384,0,35.0
1625596838.9559987,2.0,30.4134,0,35.0
1625596843.8778672,2.0,30.4009,0,35.0
1625596849.011549,2.0,30.4134,0,35.0
1625596853.9261847,2.0,30.4259,0,35.0
1625596859.051233,2.0,30.4259,0,35.0
1625596863.9655201,2.0,30.4259,0,35.0
1625596869.0939524,2.0,30.4259,0,35.0
1625596874.005122,2.0,30.4509,0,35.0
1625596879.1340184,2.0,30.4634,0,35.0
1625596884.052784,2.0,30.4759,0,35.0
1625596889.145559,2.0,30.4884,0,35.0
1625596894.0603364,2.0,30.4759,0,35.0
1625596899.1878054,2.0,30.5134,0,35.0
1625596904.1053016,2.0,30.5134,0,35.0
1625596909.2373772,2.0,30.4134,0,35.0
1625596914.1526947,2.0,30.5634,0,35.0
1625596919.2884448,2.0,30.5259,0,35.0
1625596924.1996944,2.0,30.5759,0,35.0
1625596929.3243692,2.0,30.5759,0,35.0
1625596934.2454255,2.0,30.5509,0,35.0
1625596939.3405645,2.0,30.5759,0,35.0
1625596944.2513995,2.0,30.5759,0,35.0
1625596949.3771884,2.0,30.6259,0,35.0
1625596954.2938359,2.0,30.6009,0,35.0
1625596959.4188523,2.0,30.6134,0,35.0
1625596964.3351448,2.0,30.6384,0,35.0
1625596969.4597087,2.0,30.6384,0,35.0
1625596974.3766549,2.0,30.6134,0,35.0
1625596979.5036514,2.0,30.6259,0,35.0
1625596984.4183655,2.0,30.6509,0,35.0
1625596989.5128126,2.0,30.7384,0,35.0
1625596994.4297438,2.0,30.6509,0,35.0
1625596999.5567079,2.0,30.5009,0,35.0
1625597004.4715188,2.0,30.6509,0,35.0
1625597009.5942178,2.0,30.6259,0,35.0
1625597014.5083253,2.0,30.6884,0,35.0
1625597019.6347492,2.0,30.7009,0,35.0
1625597024.5468383,2.0,30.7259,0,35.0
1625597029.6719332,2.0,30.7384,0,35.0
1625597034.5897353,2.0,30.7259,0,35.0
1625597039.717705,2.0,30.7384,0,35.0
1625597044.6305554,2.0,30.5884,0,35.0
1625597049.7541232,2.0,30.7634,0,35.0
1625597054.6696362,2.0,30.6009,0,35.0
1625597059.7954452,2.0,30.7759,0,35.0
1625597064.7144742,2.0,30.7634,0,35.0
1625597069.8389628,2.0,30.8009,0,35.0
1625597074.7530875,2.0,30.6384,0,35.0
1625597079.8634188,2.0,30.8259,0,35.0
1625597084.7816498,2.0,30.7884,0,35.0
1625597089.9055743,2.0,30.8259,0,35.0
1625597094.818008,2.0,30.8259,0,35.0
1625597099.9497812,2.0,30.8259,0,35.0
1625597104.859426,2.0,30.9009,0,35.0
1625597109.9864311,2.0,30.8259,0,35.0
1625597114.9008286,2.0,30.8759,0,35.0
1625597120.0255322,2.0,30.8759,0,35.0
1625597124.9376333,2.0,30.8509,0,35.0
1625597130.0672328,2.0,30.9634,0,35.0
1625597134.985706,2.0,30.8759,0,35.0
1625597140.0824976,2.0,30.9134,0,35.0
1625597144.9941494,2.0,30.9509,0,35.0
1625597150.119926,2.0,31.0009,0,35.0
1625597155.0344107,2.0,30.9259,0,35.0
1625597160.1640804,2.0,30.9259,0,35.0
1625597165.0870175,2.0,30.9384,0,35.0
1625597170.211405,2.0,30.9384,0,35.0
1625597175.1076536,2.0,30.9759,0,35.0
1625597180.2348313,2.0,30.9759,0,35.0
1625597185.1509197,2.0,30.9634,0,35.0
1625597190.246347,2.0,31.0134,0,35.0
1625597195.168311,2.0,30.9884,0,35.0
1625597200.2964113,2.0,31.0759,0,35.0
1625597205.215016,2.0,31.0384,0,35.0
1625597210.3401024,2.0,31.0384,0,35.0
1625597215.25222,2.0,31.0259,0,35.0
1625597220.3768065,2.0,31.1009,0,35.0
1625597225.295122,2.0,31.0134,0,35.0
1625597230.4215813,2.0,31.0634,0,35.0
1625597235.3383572,2.0,31.0634,0,35.0
1625597240.4310386,2.0,31.0634,0,35.0
1625597245.3461986,2.0,31.0759,0,35.0
1625597250.4723587,2.0,31.0884,0,35.0
1625597255.38976,2.0,31.1009,0,35.0
1625597260.5207138,2.0,31.1009,0,35.0
1625597265.4428854,2.0,31.1134,0,35.0
1625597270.570704,2.0,31.1009,0,35.0
1625597275.4813144,2.0,31.1384,0,35.0
1625597280.603256,2.0,31.1259,0,35.0
1625597285.519928,2.0,31.0884,0,35.0
1625597290.6475337,2.0,31.0259,0,35.0
1625597295.565598,2.0,31.1509,0,35.0
1625597300.6685135,2.0,31.1384,0,35.0
1625597305.5907736,2.0,31.1384,0,35.0
1625597310.716484,2.0,31.0634,0,35.0
1625597315.631652,2.0,31.1509,0,35.0
1625597320.738217,2.0,31.2509,0,35.0
1625597325.65202,2.0,31.1384,0,35.0
1625597330.7734168,2.0,31.2009,0,35.0
1625597335.6890347,2.0,31.1759,0,35.0
1625597340.8198109,2.0,31.2884,0,35.0
1625597345.7373433,2.0,31.2009,0,35.0
1625597350.8681278,2.0,31.2259,0,35.0
1625597355.7733438,2.0,31.2009,0,35.0
1625597360.8963556,2.0,31.2259,0,35.0
1625597365.8567498,2.0,31.2009,0,35.0
1625597370.968752,2.0,31.2884,0,35.0
1625597375.8834133,2.0,31.2384,0,35.0
1625597380.9771044,2.0,31.2759,0,35.0
1625597385.8897984,2.0,31.3259,0,35.0
1625597391.0140746,2.0,31.2384,0,35.0
1625597395.9260733,2.0,31.2634,0,35.0
1625597401.0537164,2.0,31.2759,0,35.0
1625597405.9643824,2.0,31.2759,0,35.0
1625597411.1014705,2.0,31.2884,0,35.0
1625597416.0116606,2.0,31.2759,0,35.0
1625597421.1382632,2.0,31.3009,0,35.0
1625597426.0583684,2.0,31.3134,0,35.0
1625597431.156478,2.0,31.3759,0,35.0
1625597436.073152,2.0,31.3009,0,35.0
1625597441.201945,2.0,31.3634,0,35.0
1625597446.1150694,2.0,31.3384,0,35.0
1625597451.240458,2.0,31.3384,0,35.0
1625597456.1605911,2.0,31.3384,0,35.0
1625597461.2825637,2.0,31.2259,0,35.0
1625597466.1944244,2.0,31.3509,0,35.0
1625597471.3205192,2.0,31.3759,0,35.0
1625597476.233101,2.0,31.3634,0,35.0
1625597481.3209417,2.0,31.4384,0,35.0
1625597486.2321746,2.0,31.4384,0,35.0
1625597491.3627565,2.0,31.3634,0,35.0
1625597496.2780123,2.0,31.4634,0,35.0
1625597501.405337,2.0,31.3884,0,35.0
1625597506.3212414,2.0,31.3884,0,35.0
1625597511.447384,2.0,31.4259,0,35.0
1625597516.3473685,2.0,31.4384,0,35.0
1625597521.4778893,2.0,31.4259,0,35.0
1625597526.387264,2.0,31.4259,0,35.0
1625597531.5128462,2.0,31.4259,0,35.0
1625597536.424535,2.0,31.4259,0,35.0
1625597541.5551617,2.0,31.4884,0,35.0
1625597546.469131,2.0,31.4759,0,35.0
1625597551.605663,2.0,31.5384,0,35.0
1625597556.5233488,2.0,31.4509,0,35.0
1625597561.646911,2.0,31.4759,0,35.0
1625597566.5593002,2.0,31.5384,0,35.0
1625597571.6841516,2.0,31.5009,0,35.0
1625597576.604337,2.0,31.4759,0,35.0
1625597581.7060132,2.0,31.5259,0,35.0
1625597586.6161659,2.0,31.5134,0,35.0
1625597591.741964,2.0,31.5134,0,35.0
1625597596.6600745,2.0,31.5509,0,35.0
1625597601.7873523,2.0,31.5884,0,35.0
1625597606.7028334,2.0,31.5509,0,35.0
1625597611.8262267,2.0,31.6259,0,35.0
1625597616.726342,2.0,31.601,0,35.0
1625597621.8511612,2.0,31.5634,0,35.0
1625597626.763598,2.0,31.6135,0,35.0
1625597631.8573587,2.0,31.601,0,35.0
1625597636.7731457,2.0,31.5884,0,35.0
1625597641.9027762,2.0,31.5884,0,35.0
1625597646.8184507,2.0,31.6135,0,35.0
1625597651.9455204,2.0,31.6259,0,35.0
1625597656.8579876,2.0,31.6635,0,35.0
1625597661.9875162,2.0,31.7134,0,35.0
1625597666.8991694,2.0,31.6135,0,35.0
1625597672.0333378,2.0,31.6509,0,35.0
1625597676.9490328,2.0,31.6509,0,35.0
1625597682.0436587,2.0,31.6509,0,35.0
1625597686.9630952,2.0,31.6884,0,35.0
1625597692.0921516,2.0,31.6635,0,35.0
1625597697.010846,2.0,31.6635,0,35.0
1625597702.1378632,2.0,31.6635,0,35.0
1625597707.055669,2.0,31.6259,0,35.0
1625597712.1829216,2.0,31.6759,0,35.0
1625597717.0961792,2.0,31.7385,0,35.0
1625597722.203256,2.0,31.726,0,35.0
1625597727.11924,2.0,31.7134,0,35.0
1625597732.2123759,2.0,31.7634,0,35.0
1625597737.1294281,2.0,31.726,0,35.0
1625597742.254062,2.0,31.7385,0,35.0
1625597747.1651664,2.0,31.8009,0,35.0
1625597752.2897074,2.0,31.6385,0,35.0
1625597757.212775,2.0,31.751,0,35.0
1625597762.3365364,2.0,31.751,0,35.0
1625597767.2512734,2.0,31.751,0,35.0
1625597772.3660467,2.0,31.8634,0,35.0
1625597777.2792418,2.0,31.7885,0,35.0
1625597782.4068477,2.0,31.7634,0,35.0
1625597787.3196597,2.0,31.8009,0,35.0
1625597792.448059,2.0,31.8634,0,35.0
1625597797.3688722,2.0,31.8009,0,35.0
1625597802.500875,2.0,31.8009,0,35.0
1625597807.4198225,2.0,31.8135,0,35.0
1625597812.5437257,2.0,31.8259,0,35.0
1625597817.44534,2.0,31.8509,0,35.0
1625597822.5758858,2.0,31.8509,0,35.0
1625597827.4892774,2.0,31.901,0,35.0
1625597832.581544,2.0,31.8509,0,35.0
1625597837.4915726,2.0,31.8135,0,35.0
1625597842.6209044,2.0,31.8634,0,35.0
1625597847.5456583,2.0,31.8509,0,35.0
1625597852.677064,2.0,31.9134,0,35.0
1625597857.5930824,2.0,31.926,0,35.0
1625597862.7188692,2.0,31.901,0,35.0
1625597867.6154308,2.0,31.901,0,35.0
1625597872.7370222,2.0,31.951,0,35.0
1625597877.6532447,2.0,31.8884,0,35.0
1625597882.7510157,2.0,31.951,0,35.0
1625597887.6723328,2.0,31.951,0,35.0
1625597892.793308,2.0,31.9384,0,35.0
1625597897.7199655,2.0,31.9134,0,35.0
1625597902.8492975,2.0,31.951,0,35.0
1625597907.7716353,2.0,31.926,0,35.0
1625597912.8926096,2.0,31.951,0,35.0
1625597917.804581,2.0,31.951,0,35.0
1625597922.9325721,2.0,31.8384,0,35.0
1625597927.8512912,2.0,32.026,0,35.0
1625597932.976949,2.0,31.951,0,35.0
1625597937.890193,2.0,31.9885,0,35.0
1625597943.0168567,2.0,32.0635,0,35.0
1625597947.9352598,2.0,32.026,0,35.0
1625597953.0634058,2.0,31.9885,0,35.0
1625597957.9824414,2.0,32.0135,0,35.0
1625597963.1091814,2.0,31.9759,0,35.0
1625597968.0259273,2.0,32.051,0,35.0
1625597973.1445482,2.0,31.9885,0,35.0
1625597978.057056,2.0,32.0385,0,35.0
1625597983.1525457,2.0,32.101,0,35.0
1625597988.0664787,2.0,32.0635,0,35.0
1625597993.1877782,2.0,32.0385,0,35.0
1625597998.1071377,2.0,32.026,0,35.0
1625598003.1938326,2.0,32.076,0,35.0
1625598008.1071997,2.0,32.101,0,35.0
1625598013.2164295,2.0,32.076,0,35.0
1625598018.1325102,2.0,32.076,0,35.0
1625598023.2605863,2.0,32.051,0,35.0
1625598028.177,2.0,32.126,0,35.0
1625598033.3043585,2.0,32.101,0,35.0
1625598038.2179003,2.0,32.1135,0,35.0
1625598043.344987,2.0,32.1135,0,35.0
1625598048.2578304,2.0,32.1135,0,35.0
1625598053.3892314,2.0,32.076,0,35.0
1625598058.3034794,2.0,32.026,0,35.0
1625598063.4181547,2.0,32.1385,0,35.0
1625598068.3404887,2.0,31.9759,0,35.0
1625598073.4710345,2.0,32.126,0,35.0
1625598078.3815176,2.0,32.1385,0,35.0
1625598083.505435,2.0,32.1385,0,35.0
1625598088.424153,2.0,32.1385,0,35.0
1625598093.5482724,2.0,32.151,0,35.0
1625598098.4749444,2.0,32.1635,0,35.0
1625598103.564566,2.0,32.151,0,35.0
1625598108.5058718,2.0,32.226,0,35.0
1625598113.6064541,2.0,32.0635,0,35.0
1625598118.5134692,2.0,32.1885,0,35.0
1625598123.6147826,2.0,32.1885,0,35.0
1625598128.5220551,2.0,32.1385,0,35.0
1625598133.6239936,2.0,32.2885,0,35.0
1625598138.576215,2.0,32.201,0,35.0
1625598143.6674724,2.0,32.201,0,35.0
1625598148.5754526,2.0,32.226,0,35.0
1625598153.6751447,2.0,32.226,0,35.0
1625598158.5894892,2.0,32.3009,0,35.0
1625598163.6919985,2.0,32.251,0,35.0
1625598168.5992532,2.0,32.3009,0,35.0
1625598173.6906617,2.0,32.2385,0,35.0
1625598178.604768,2.0,32.3009,0,35.0
1625598183.7016494,2.0,32.3135,0,35.0
1625598188.6092901,2.0,32.276,0,35.0
1625598193.713661,2.0,32.2385,0,35.0
1625598198.6274533,2.0,32.276,0,35.0
1625598203.7130713,2.0,32.3009,0,35.0
1625598208.6287258,2.0,32.276,0,35.0
1625598213.7318835,2.0,32.2885,0,35.0
1625598218.6452148,2.0,32.326,0,35.0
1625598223.7470686,2.0,32.3635,0,35.0
1625598228.6545088,2.0,32.3135,0,35.0
1625598233.7781746,2.0,32.3385,0,35.0
1625598238.6858096,2.0,32.3135,0,35.0
1625598243.793508,2.0,32.376,0,35.0
1625598248.7004373,2.0,32.401,0,35.0
1625598253.8049242,2.0,32.3385,0,35.0
1625598258.7169707,2.0,32.351,0,35.0
1625598263.8026483,2.0,32.351,0,35.0
1625598268.7167454,2.0,32.3885,0,35.0
1625598273.8214827,2.0,32.401,0,35.0
1625598278.7356133,2.0,32.351,0,35.0
1625598283.8332105,2.0,32.3885,0,35.0
1625598288.740442,2.0,32.3635,0,35.0
1625598293.8312874,2.0,32.251,0,35.0
1625598298.7404113,2.0,32.401,0,35.0
1625598303.8467884,2.0,32.4135,0,35.0
1625598308.755606,2.0,32.4135,0,35.0
1625598313.8578124,2.0,32.4385,0,35.0
1625598318.7658453,2.0,32.376,0,35.0
1625598323.858488,2.0,32.426,0,35.0
1625598328.7660308,2.0,32.4635,0,35.0
1625598333.86584,2.0,32.576,0,35.0
1625598338.7733455,2.0,32.426,0,35.0
1625598343.8778791,2.0,32.5635,0,35.0
1625598348.7914102,2.0,32.4635,0,35.0
1625598353.876792,2.0,32.4635,0,35.0
1625598358.7911892,2.0,32.451,0,35.0
1625598363.8928258,2.0,32.476,0,35.0
1625598368.7986727,2.0,32.476,0,35.0
1625598373.9051917,2.0,32.401,0,35.0
1625598378.8130834,2.0,32.5135,0,35.0
1625598383.9063976,2.0,32.4885,0,35.0
1625598388.8126888,2.0,32.626,0,35.0
1625598393.916466,2.0,32.601,0,35.0
1625598398.8248255,2.0,32.351,0,35.0
1625598403.9237704,2.0,32.5135,0,35.0
1625598408.8362358,2.0,32.5385,0,35.0
1625598413.9222577,2.0,32.526,0,35.0
1625598418.8365667,2.0,32.5635,0,35.0
1625598423.9366794,2.0,32.5885,0,35.0
1625598428.8440948,2.0,32.5635,0,35.0
1625598433.9476173,2.0,32.5635,0,35.0
1625598438.8540406,2.0,32.526,0,35.0
1625598443.94738,2.0,32.551,0,35.0
1625598448.8605552,2.0,32.551,0,35.0
1625598453.9536924,2.0,32.576,0,35.0
1625598458.8612661,2.0,32.576,0,35.0
1625598463.9563994,2.0,32.551,0,35.0
1625598468.864487,2.0,32.5635,0,35.0
1625598473.9568028,2.0,32.6135,0,35.0
1625598478.8644845,2.0,32.676,0,35.0
1625598483.9681156,2.0,32.6135,0,35.0
1625598488.87433,2.0,32.601,0,35.0
1625598493.975051,2.0,32.6135,0,35.0
1625598498.8829782,2.0,32.626,0,35.0
1625598503.9756503,2.0,32.626,0,35.0
1625598508.8827682,2.0,32.6385,0,35.0
1625598513.9862502,2.0,32.626,0,35.0
1625598518.8947408,2.0,32.7135,0,35.0
1625598523.9948895,2.0,32.6385,0,35.0
1625598528.9018142,2.0,32.651,0,35.0
1625598533.9932745,2.0,32.576,0,35.0
1625598538.9012783,2.0,32.676,0,35.0
1625598543.9974618,2.0,32.651,0,35.0
1625598548.905609,2.0,32.5135,0,35.0
1625598554.0081608,2.0,32.651,0,35.0
1625598558.915463,2.0,32.676,0,35.0
1625598564.0091126,2.0,32.6885,0,35.0
1625598568.9158013,2.0,32.726,0,35.0
1625598574.0189903,2.0,32.676,0,35.0
1625598578.928019,2.0,32.7385,0,35.0
1625598584.027179,2.0,32.726,0,35.0
1625598588.9346383,2.0,32.7635,0,35.0
1625598594.026388,2.0,32.7635,0,35.0
1625598598.9351566,2.0,32.701,0,35.0
1625598604.03751,2.0,32.751,0,35.0
1625598608.9436007,2.0,32.701,0,35.0
1625598614.0471382,2.0,32.7135,0,35.0
1625598618.952624,2.0,32.7885,0,35.0
1625598624.0458407,2.0,32.751,0,35.0
1625598628.9579515,2.0,32.776,0,35.0
1625598634.3827438,2.0,32.7635,0,33.0
1625598638.988894,2.0,32.776,0,33.0
1625598644.0933735,2.0,32.6635,0,33.0
1625598649.0074542,2.0,32.751,0,33.0
1625598654.0934753,2.0,32.7635,0,33.0
1625598659.0068064,2.0,32.801,0,33.0
1625598664.1049638,2.0,32.7635,0,33.0
1625598669.0185318,2.0,32.7885,0,33.0
1625598674.1190214,2.0,32.7885,0,33.0
1625598679.0276244,2.0,32.801,0,33.0
1625598684.1199884,2.0,32.8135,0,33.0
1625598689.0273957,2.0,32.801,0,33.0
1625598694.1312733,2.0,32.826,0,33.0
1625598699.0453355,2.0,32.7635,0,33.0
1625598704.1490664,2.0,32.826,0,33.0
1625598709.057094,2.0,32.826,0,33.0
1625598714.1495507,2.0,32.8885,0,33.0
1625598719.056854,2.0,32.851,0,33.0
1625598724.161808,2.0,32.901,0,33.0
1625598729.069113,2.0,32.8885,0,33.0
1625598734.1729794,2.0,32.851,0,33.0
1625598739.086973,2.0,32.8885,0,33.0
1625598744.1730216,2.0,32.851,0,33.0
1625598749.0861516,2.0,32.8635,0,33.0
1625598754.1780283,2.0,32.8635,0,33.0
1625598759.09206,2.0,32.8885,0,33.0
1625598764.1962605,2.0,32.8635,0,33.0
1625598769.1031795,2.0,32.901,0,33.0
1625598774.1948643,2.0,32.876,0,33.0
1625598779.1087935,2.0,33.0135,0,33.0
1625598784.2012796,2.0,32.8885,0,33.0
1625598789.1100883,2.0,32.9135,0,33.0
1625598794.2124033,2.0,32.901,0,33.0
1625598799.1267064,2.0,32.9135,0,33.0
1625598804.2124186,2.0,32.926,0,33.0
1625598809.126923,2.0,32.926,0,33.0
1625598814.220327,2.0,32.926,0,33.0
1625598819.1344216,2.0,32.901,0,33.0
1625598824.2384586,2.0,32.9385,0,33.0
1625598829.1455863,2.0,32.976,0,33.0
1625598834.237452,2.0,33.0135,0,33.0
1625598839.1522672,2.0,32.9385,0,33.0
1625598844.2547204,2.0,32.9385,0,33.0
1625598849.168606,2.0,32.951,0,33.0
1625598854.2702303,2.0,32.9385,0,33.0
1625598859.1789572,2.0,32.9635,0,33.0
1625598864.271641,2.0,32.976,0,33.0
1625598869.1787176,2.0,32.976,0,33.0
1625598874.2828486,2.0,33.001,0,33.0
1625598879.1914454,2.0,33.0135,0,33.0
1625598884.287793,2.0,32.976,0,33.0
1625598889.1958833,0.0,33.0385,0,33.0
1625598894.2884066,2.0,32.9885,0,33.0
1625598899.1962104,2.0,32.9885,0,33.0
1625598904.296113,2.0,33.1885,0,33.0
1625598909.2094183,2.0,32.976,0,33.0
1625598914.3182158,0.0,33.0635,0,33.0
1625598919.230533,2.0,32.9635,0,33.0
1625598924.316533,2.0,32.976,0,33.0
1625598929.2302575,2.0,32.9885,0,33.0
1625598934.3298526,2.0,32.976,0,33.0
1625598939.2385454,2.0,33.001,0,33.0
1625598944.3450289,2.0,33.001,0,33.0
1625598949.2534516,2.0,32.976,0,33.0
1625598954.345126,2.0,32.9885,0,33.0
1625598959.2591825,0.0,33.101,0,33.0
1625598964.3629522,0.0,32.9885,0,33.0
1625598969.2723892,2.0,32.976,0,33.0
1625598974.373427,2.0,33.076,0,33.0
1625598979.2814686,2.0,32.9885,0,33.0
1625598984.3730237,2.0,33.026,0,33.0
1625598989.2811275,2.0,32.9635,0,33.0
1625598994.3829849,2.0,32.976,0,33.0
1625598999.296038,2.0,33.001,0,33.0
1625599004.397343,0.0,33.001,0,33.0
1625599009.3047998,2.0,32.9635,0,33.0
1625599014.3967063,2.0,33.026,0,33.0
1625599019.3098688,2.0,33.0135,0,33.0
1625599024.416415,2.0,33.026,0,33.0
1625599029.324558,0.0,33.0135,0,33.0
1625599034.4259722,2.0,33.026,0,33.0
1625599039.3388627,2.0,33.001,0,33.0
1625599044.4243484,2.0,33.001,0,33.0
1625599049.3387506,0.0,33.001,0,33.0
1625599054.44,2.0,33.001,0,33.0
1625599059.348173,2.0,32.976,0,33.0
1625599064.4391859,2.0,33.0385,0,33.0
1625599069.3478312,0.0,32.9885,0,33.0
1625599074.4392881,2.0,32.976,0,33.0
1625599079.347779,2.0,32.976,0,33.0
1625599084.4482813,2.0,33.0135,0,33.0
1625599089.3561623,2.0,33.0385,0,33.0
1625599094.4561288,2.0,33.0635,0,33.0
1625599099.3644214,2.0,32.9635,0,33.0
1625599104.4559584,0.0,32.9885,0,33.0
1625599109.3637545,2.0,33.001,0,33.0
1625599114.4656024,0.0,33.001,0,33.0
1625599119.379837,2.0,33.001,0,33.0
1625599124.4782288,2.0,32.9885,0,33.0
1625599129.3853881,2.0,33.001,0,33.0
1625599134.4782481,0.0,32.976,0,33.0
1625599139.3858812,2.0,33.051,0,33.0
1625599144.4887729,2.0,32.9885,0,33.0
1625599149.40097,2.0,32.9885,0,33.0
1625599154.507466,0.0,32.9885,0,33.0
1625599159.420454,2.0,33.0385,0,33.0
1625599164.507245,0.0,33.0385,0,33.0
1625599169.4208987,2.0,32.9885,0,33.0
1625599174.5263038,2.0,33.001,0,33.0
1625599179.4391394,2.0,33.0135,0,33.0
1625599184.539143,2.0,32.9885,0,33.0
1625599189.444998,0.0,32.951,0,33.0
1625599194.5384705,2.0,32.9885,0,33.0
1625599199.4451149,2.0,32.976,0,33.0
1625599204.5482469,0.0,32.9885,0,33.0
1625599209.4653106,2.0,33.0385,0,33.0
1625599214.871266,2.0,32.976,0,30.0
1625599219.4641602,0.0,32.9385,0,30.0
1625599224.54865,0.0,32.976,0,30.0
1625599229.4619606,0.0,32.9635,0,30.0
1625599234.5644412,0.0,32.9385,0,30.0
1625599239.4964035,0.0,32.926,0,30.0
1625599244.6012495,0.0,32.876,0,30.0
1625599249.509029,0.0,32.951,0,30.0
1625599254.6011558,0.0,32.8635,0,30.0
1625599259.5088727,0.0,32.826,0,30.0
1625599264.6197965,0.0,32.901,0,30.0
1625599269.5263183,0.0,32.7885,0,30.0
1625599274.6287024,0.0,32.776,0,30.0
1625599279.5421505,0.0,32.751,0,30.0
1625599284.6285756,0.0,32.726,0,30.0
1625599289.5420482,0.0,32.551,0,30.0
1625599294.6439407,0.0,32.7135,0,30.0
1625599299.5571156,0.0,32.6885,0,30.0
1625599304.6639678,0.0,32.5135,0,30.0
1625599309.5707874,0.0,32.651,0,30.0
1625599314.6620302,0.0,32.476,0,30.0
1625599319.5711544,0.0,32.626,0,30.0
1625599324.6730566,0.0,32.6135,0,30.0
1625599329.5871425,0.0,32.601,0,30.0
1625599334.68729,0.0,32.576,0,30.0
1625599339.5949132,0.0,32.551,0,30.0
1625599344.6868315,0.0,32.601,0,30.0
1625599349.595153,0.0,32.4885,0,30.0
1625599354.6981041,0.0,32.4885,0,30.0
1625599359.6068861,0.0,32.4885,0,30.0
1625599364.7098217,0.0,32.4635,0,30.0
1625599369.617784,0.0,32.4635,0,30.0
1625599374.7092535,0.0,32.4385,0,30.0
1625599379.6174946,0.0,32.426,0,30.0
1625599384.7168818,0.0,32.476,0,30.0
1625599389.630077,0.0,32.401,0,30.0
1625599394.732757,0.0,32.351,0,30.0
1625599399.6413078,0.0,32.3885,0,30.0
1625599404.7337277,0.0,32.3135,0,30.0
1625599409.6422198,0.0,32.326,0,30.0
1625599414.7452276,0.0,32.3885,0,30.0
1625599419.6513538,0.0,32.3135,0,30.0
1625599424.756562,0.0,32.3135,0,30.0
1625599429.6651216,0.0,32.276,0,30.0
1625599434.7580628,0.0,32.2635,0,30.0
1625599439.664625,0.0,32.351,0,30.0
1625599444.7613525,0.0,32.2385,0,30.0
1625599449.6751258,0.0,32.2885,0,30.0
1625599454.760629,0.0,32.226,0,30.0
1625599459.6754258,0.0,32.1885,0,30.0
1625599464.7643163,0.0,32.201,0,30.0
1625599469.6779878,0.0,32.1759,0,30.0
1625599474.7803612,0.0,32.0009,0,30.0
1625599479.68826,0.0,32.151,0,30.0
1625599484.79305,0.0,32.1385,0,30.0
1625599489.7006803,0.0,32.101,0,30.0
1625599494.7926955,0.0,32.1385,0,30.0
1625599499.7006295,0.0,31.9759,0,30.0
1625599504.8068762,0.0,32.0885,0,30.0
1625599509.7116904,0.0,32.0635,0,30.0
1625599514.811413,0.0,32.0385,0,30.0
1625599519.7197664,0.0,32.0885,0,30.0
1625599524.8107653,0.0,32.0885,0,30.0
1625599529.7251785,0.0,32.101,0,30.0
1625599534.82983,0.0,32.0135,0,30.0
1625599539.7360396,0.0,31.9759,0,30.0
1625599544.8415992,0.0,31.9759,0,30.0
1625599549.7552762,0.0,31.9759,0,30.0
1625599554.842001,0.0,31.9384,0,30.0
1625599559.7551122,0.0,31.926,0,30.0
1625599564.8620179,0.0,31.7885,0,30.0
1625599569.7689662,0.0,31.9134,0,30.0
1625599574.8734002,0.0,31.901,0,30.0
1625599579.7809403,0.0,31.876,0,30.0
1625599584.872787,0.0,31.901,0,30.0
1625599589.7810326,0.0,31.8259,0,30.0
1625599594.892445,0.0,31.8634,0,30.0
1625599599.8001595,0.0,31.8509,0,30.0
1625599604.9003499,0.0,31.8384,0,30.0
1625599609.8422456,0.0,31.8135,0,30.0
1625599614.933684,0.0,31.8009,0,30.0
1625599619.841921,0.0,31.7885,0,30.0
1625599624.9429386,0.0,31.8135,0,30.0
1625599629.8575838,0.0,31.8509,0,30.0
1625599634.9616463,0.0,31.5884,0,30.0
1625599639.8699188,0.0,31.751,0,30.0
1625599644.960739,0.0,31.701,0,30.0
1625599649.8696647,0.0,31.726,0,30.0
1625599654.970492,0.0,31.726,0,30.0
1625599659.9037788,0.0,31.701,0,30.0
1625599665.0056837,0.0,31.6509,0,30.0
1625599669.917991,0.0,31.6759,0,30.0
1625599675.0051703,0.0,31.6385,0,30.0
1625599679.9124935,0.0,31.5884,0,30.0
1625599685.015992,0.0,31.6509,0,30.0
1625599689.929514,0.0,31.5759,0,30.0
1625599695.034821,0.0,31.5384,0,30.0
1625599699.9433568,0.0,31.5509,0,30.0
1625599705.0360727,0.0,31.5384,0,30.0
1625599709.9497535,0.0,31.5759,0,30.0
1625599715.0499344,0.0,31.5384,0,30.0
1625599719.9630594,0.0,31.5134,0,30.0
1625599725.0703578,0.0,31.4884,0,30.0
1625599729.9782965,0.0,31.4634,0,30.0
1625599735.0699909,0.0,31.4884,0,30.0
1625599739.9774632,0.0,31.5759,0,30.0
1625599745.0814376,0.0,31.5384,0,30.0
1625599749.9875965,0.0,31.5009,0,30.0
1625599755.0876985,0.0,31.4134,0,30.0
1625599760.001606,0.0,31.4384,0,30.0
1625599765.088689,0.0,31.4509,0,30.0
1625599770.0016046,0.0,31.4134,0,30.0
1625599775.105182,0.0,31.3759,0,30.0
1625599780.0132964,0.0,31.3634,0,30.0
1625599785.1173143,0.0,31.3509,0,30.0
1625599790.0252106,0.0,31.3134,0,30.0
1625599795.1183386,0.0,31.4509,0,30.0
1625599800.0252507,0.0,31.3009,0,30.0
1625599805.1349168,0.0,31.2884,0,30.0
1625599810.0480165,0.0,31.3134,0,30.0
1625599815.1504672,0.0,31.2884,0,30.0
1625599820.0580144,0.0,31.2384,0,30.0
1625599825.1505218,0.0,31.2384,0,30.0
1625599830.05826,0.0,31.2384,0,30.0
1625599835.1603298,0.0,31.2259,0,30.0
1625599840.0680447,0.0,31.2134,0,30.0
1625599845.1766524,0.0,31.2134,0,30.0
1625599850.0899103,0.0,31.1759,0,30.0
1625599855.1766992,0.0,31.1634,0,30.0
1625599860.0891564,0.0,31.1634,0,30.0
1625599865.1947737,0.0,31.1259,0,30.0
1625599870.1060355,0.0,31.1634,0,30.0
1625599875.2091925,0.0,31.1134,0,30.0
1625599880.1462502,0.0,31.0759,0,30.0
1625599885.238273,0.0,31.1134,0,30.0
1625599890.1463044,0.0,31.0759,0,30.0
1625599895.2455778,0.0,31.0884,0,30.0
1625599900.154293,0.0,31.0884,0,30.0
1625599905.2568738,0.0,31.0759,0,30.0
1625599910.164795,0.0,31.0509,0,30.0
1625599915.256604,0.0,31.0134,0,30.0
1625599920.1648211,0.0,30.9759,0,30.0
1625599925.26611,0.0,31.0884,0,30.0
1625599930.173545,0.0,31.0259,0,30.0
1625599935.2798617,0.0,30.9759,0,30.0
1625599940.1885266,0.0,31.0009,0,30.0
1625599945.2796922,0.0,30.9884,0,30.0
1625599950.1938593,0.0,30.9384,0,30.0
1625599955.2954998,0.0,31.0009,0,30.0
1625599960.2074187,0.0,30.7634,0,30.0
1625599965.3163338,0.0,30.9759,0,30.0
1625599970.2248654,0.0,30.9009,0,30.0
1625599975.3177636,0.0,30.9134,0,30.0
1625599980.2249637,0.0,30.8259,0,30.0
1625599985.326869,0.0,30.8384,0,30.0
1625599990.2362223,0.0,30.8384,0,30.0
1625599995.3401492,0.0,30.8384,0,30.0
1625600000.254203,0.0,30.8009,0,30.0
1625600005.3394113,0.0,30.6634,0,30.0
1625600010.2531857,0.0,30.7509,0,30.0
1625600015.3610184,0.0,30.8384,0,30.0
1625600020.2694237,0.0,30.7509,0,30.0
1625600025.3732126,0.0,30.7384,0,30.0
1625600030.3168836,0.0,30.7384,0,30.0
1625600035.4085238,0.0,30.7384,0,30.0
1625600040.316018,0.0,30.7259,0,30.0
1625600045.4232116,0.0,30.7009,0,30.0
1625600050.3308437,0.0,30.6884,0,30.0
1625600055.4380367,0.0,30.7009,0,30.0
1625600060.345585,0.0,30.7259,0,30.0
1625600065.4721837,0.0,30.6634,0,30.0
1625600070.3853016,0.0,30.5884,0,30.0
1625600075.4897277,0.0,30.6259,0,30.0
1625600080.3977377,0.0,30.6134,0,30.0
1625600085.490803,0.0,30.7009,0,30.0
1625600090.4035227,0.0,30.6759,0,30.0
1625600095.490145,0.0,30.6009,0,30.0
1625600100.3975081,0.0,30.6134,0,30.0
1625600105.5091946,0.0,30.5634,0,30.0
1625600110.4206889,0.0,30.5259,0,30.0
1625600115.5252879,0.0,30.5259,0,30.0
1625600120.4383955,0.0,30.5509,0,30.0
1625600125.5242696,0.0,30.5384,0,30.0
1625600130.432595,0.0,30.5009,0,30.0
1625600135.5325012,0.0,30.4884,0,30.0
1625600140.446867,0.0,30.5134,0,30.0
1625600145.5514033,0.0,30.5009,0,30.0
1625600150.4629078,0.0,30.4134,0,30.0
1625600155.5488477,0.0,30.4509,0,30.0
1625600160.463185,0.0,30.4259,0,30.0
1625600165.564995,0.0,30.4509,0,30.0
1625600170.4709778,0.0,30.4384,0,30.0
1625600175.5752394,0.0,30.4009,0,30.0
1625600180.4825547,0.0,30.3884,0,30.0
1625600185.5745044,0.0,30.4134,0,30.0
1625600190.4827232,0.0,30.4134,0,30.0
1625600195.5820825,0.0,30.4259,0,30.0
1625600200.490498,0.0,30.3259,0,30.0
1625600205.596057,0.0,30.2384,0,30.0
1625600210.509476,0.0,30.4759,0,30.0
1625600215.5960736,0.0,30.3134,0,30.0
1625600220.5097573,0.0,30.3134,0,30.0
1625600225.610458,0.0,30.3134,0,30.0
1625600230.5228868,0.0,30.2884,0,30.0
1625600235.6246643,0.0,30.3259,0,30.0
1625600240.5588882,0.0,30.3384,0,30.0
1625600245.7027218,0.0,30.2384,0,30.0
1625600250.6451802,0.0,30.2259,0,30.0
1625600255.744831,0.0,30.2384,0,30.0
1625600260.6528955,0.0,30.2009,0,30.0
1625600265.7610335,0.0,30.2384,0,30.0
1625600270.674194,0.0,30.2009,0,30.0
1625600275.7725534,0.0,30.1759,0,30.0
1625600280.7268028,0.0,30.0509,0,30.0
1625600285.8182466,0.0,30.2134,0,30.0
1625600290.7319808,0.0,30.1509,0,30.0
1625600295.8346984,0.0,30.1509,0,30.0
1625600300.7429001,0.0,30.1384,0,30.0
1625600305.8488052,0.0,30.1259,0,30.0
1625600310.7639873,0.0,30.1134,0,30.0
1625600315.852625,0.0,30.1009,0,30.0
1625600320.760685,0.0,30.0884,0,30.0
1625600325.861488,0.0,30.0509,0,30.0
1625600330.769247,0.0,30.1509,0,30.0
1625600335.8739383,0.0,30.0634,0,30.0
1625600340.7815988,0.0,30.0509,0,30.0
1625600345.8735304,0.0,30.1009,0,30.0
1625600350.78193,0.0,30.0384,0,30.0
1625600355.886897,0.0,30.0009,0,30.0
1625600360.799884,0.0,29.9884,0,30.0
1625600365.9082665,2.0,29.9884,0,30.0
1625600370.8223636,0.0,30.0509,0,30.0
1625600375.9095912,0.0,30.0134,0,30.0
1625600380.8167543,0.0,30.0259,0,30.0
1625600385.9180362,2.0,29.9884,0,30.0
1625600390.825756,2.0,30.0134,0,30.0
1625600395.9302173,0.0,29.9884,0,30.0
1625600400.8418639,0.0,30.1384,0,30.0
1625600405.9283438,0.0,30.0259,0,30.0
1625600410.8425057,0.0,29.9884,0,30.0
1625600415.9467487,2.0,30.0509,0,30.0
1625600420.8603685,2.0,30.0134,0,30.0
1625600425.961153,0.0,30.0634,0,30.0
1625600430.8686945,0.0,30.0509,0,30.0
1625600435.9602146,2.0,30.0509,0,30.0
1625600440.8685896,0.0,30.0009,0,30.0
1625600445.9745128,2.0,29.9759,0,30.0
1625600450.882006,0.0,29.9884,0,30.0
1625600455.9908094,0.0,30.0509,0,30.0
1625600460.8966591,2.0,29.9759,0,30.0
1625600465.9896944,0.0,29.9884,0,30.0
1625600470.8966753,0.0,29.9884,0,30.0
1625600476.002231,2.0,29.9634,0,30.0
1625600480.9093235,0.0,29.9884,0,30.0
1625600486.0142999,0.0,30.0009,0,30.0
1625600490.922106,2.0,29.8634,0,30.0
1625600496.0157135,0.0,29.9509,0,30.0
1625600500.9223,0.0,30.0634,0,30.0
1625600506.0151868,0.0,30.1009,0,30.0
1625600510.9221756,2.0,30.0259,0,30.0
1625600516.0291634,2.0,30.0009,0,30.0
1625600520.9358776,2.0,30.0009,0,30.0
1625600526.0288424,2.0,29.8259,0,30.0
1625600530.936002,0.0,30.0134,0,30.0
1625600536.0349305,2.0,30.0009,0,30.0
1625600540.9425497,0.0,30.0759,0,30.0
1625600546.04886,0.0,29.9884,0,30.0
1625600550.95667,2.0,29.8884,0,30.0
1625600556.0484853,0.0,30.0134,0,30.0
1625600560.9615867,2.0,30.0259,0,30.0
1625600566.065115,2.0,29.9759,0,30.0
1625600570.9731727,2.0,30.0134,0,30.0
1625600576.0783837,2.0,29.9884,0,30.0
1625600580.9862914,2.0,30.0634,0,30.0
1625600586.0778084,2.0,30.0009,0,30.0
1625600590.9864483,0.0,29.9759,0,30.0
1625600596.0853374,0.0,29.9884,0,30.0
1625600600.9939256,2.0,29.9884,0,30.0
1625600606.09165,2.0,30.0134,0,30.0
1625600611.0043454,0.0,30.0259,0,30.0
1625600616.0901785,0.0,30.0134,0,30.0
1625600621.0043883,2.0,30.0259,0,30.0
1625600626.1047919,2.0,29.8884,0,30.0
1625600631.0191462,2.0,29.9884,0,30.0
1625600636.1238086,0.0,30.0259,0,30.0
1625600641.0321293,2.0,29.9759,0,30.0
1625600646.1238995,0.0,30.0759,0,30.0
1625600651.0319982,0.0,30.0134,0,30.0
1625600656.1363664,0.0,30.0134,0,30.0
1625600661.0444143,0.0,29.9884,0,30.0
1625600666.1484802,2.0,29.9759,0,30.0
1625600671.0549357,2.0,29.9759,0,30.0
1625600676.1470182,0.0,30.0384,0,30.0
1625600681.0550168,2.0,30.0009,0,30.0
1625600686.1624155,2.0,29.9884,0,30.0
1625600691.0691514,0.0,30.0259,0,30.0
1625600696.1609318,2.0,30.0384,0,30.0
1625600701.0692813,0.0,29.9634,0,30.0
1625600706.164226,2.0,29.9759,0,30.0
1625600711.0688627,0.0,30.0009,0,30.0
1625600716.497598,2.0,29.9759,0,28.0
1625600721.1008084,0.0,30.0009,0,28.0
1625600726.2073479,0.0,30.0009,0,28.0
1625600731.1151252,0.0,29.9259,0,28.0
1625600736.2074535,0.0,30.0509,0,28.0
1625600741.1144245,0.0,29.9259,0,28.0
1625600746.216153,0.0,29.9134,0,28.0
1625600751.1547217,0.0,29.9384,0,28.0
1625600756.2516375,0.0,29.9259,0,28.0
1625600761.1587512,0.0,29.8759,0,28.0
1625600766.2514288,0.0,29.8759,0,28.0
1625600771.1589563,0.0,29.8759,0,28.0
1625600776.261841,0.0,29.8384,0,28.0
1625600781.1752527,0.0,29.8509,0,28.0
1625600786.2774003,0.0,29.8884,0,28.0
1625600791.186011,0.0,29.8134,0,28.0
1625600796.2770848,0.0,29.7759,0,28.0
1625600801.1907973,0.0,29.7759,0,28.0
1625600806.288103,0.0,29.7759,0,28.0
1625600811.1963408,0.0,29.7384,0,28.0
1625600816.3001337,0.0,29.7884,0,28.0
1625600821.2133296,0.0,29.8259,0,28.0
1625600826.300794,0.0,29.7509,0,28.0
1625600831.2134879,0.0,29.6134,0,28.0
1625600836.3232005,0.0,29.7134,0,28.0
1625600841.2313356,0.0,29.7009,0,28.0
1625600846.3244655,0.0,29.7009,0,28.0
1625600851.2312953,0.0,29.6634,0,28.0
1625600856.3251474,0.0,29.6634,0,28.0
1625600861.2314222,0.0,29.6509,0,28.0
1625600866.336115,0.0,29.6259,0,28.0
1625600871.244664,0.0,29.7134,0,28.0
1625600876.3511915,0.0,29.6384,0,28.0
1625600881.2591248,0.0,29.6384,0,28.0
1625600886.3491082,0.0,29.6009,0,28.0
1625600891.2594516,0.0,29.6009,0,28.0
1625600896.3620296,0.0,29.5884,0,28.0
1625600901.27054,0.0,29.5884,0,28.0
1625600906.3758736,0.0,29.5634,0,28.0
1625600911.2844162,0.0,29.5509,0,28.0
1625600916.376015,0.0,29.5634,0,28.0
1625600921.2844396,0.0,29.5509,0,28.0
1625600926.391301,0.0,29.5384,0,28.0
1625600931.3045197,0.0,29.4884,0,28.0
1625600936.4088905,0.0,29.4759,0,28.0
1625600941.3164892,0.0,29.5134,0,28.0
1625600946.4080033,0.0,29.4759,0,28.0
1625600951.3217027,0.0,29.4759,0,28.0
1625600956.4262679,0.0,29.4259,0,28.0
1625600961.3398218,0.0,29.4634,0,28.0
1625600966.4443903,0.0,29.6134,0,28.0
1625600971.3531191,0.0,29.4384,0,28.0
1625600976.4475412,0.0,29.4259,0,28.0
1625600981.352313,0.0,29.4134,0,28.0
1625600986.4610026,0.0,29.4134,0,28.0
1625600991.3946774,0.0,29.4009,0,28.0
1625600996.500509,0.0,29.3884,0,28.0
1625601001.4337454,0.0,29.4384,0,28.0
1625601006.5431485,0.0,29.3634,0,28.0
1625601011.478639,0.0,29.3759,0,28.0
1625601016.5813124,0.0,29.3634,0,28.0
1625601021.4894357,0.0,29.1759,0,28.0
1625601026.5974183,0.0,29.3259,0,28.0
1625601031.5103493,0.0,29.3259,0,28.0
1625601036.6088758,0.0,29.3134,0,28.0
1625601041.564631,0.0,29.3009,0,28.0
1625601046.656172,0.0,29.3634,0,28.0
1625601051.5634496,0.0,29.2884,0,28.0
1625601056.6662407,0.0,29.3259,0,28.0
1625601061.5737355,0.0,29.2759,0,28.0
1625601066.6731246,0.0,29.2759,0,28.0
1625601071.5864213,0.0,29.2134,0,28.0
1625601076.6793454,0.0,29.2384,0,28.0
1625601081.5929122,0.0,29.2509,0,28.0
1625601086.696787,0.0,29.2259,0,28.0
1625601091.607018,0.0,29.2134,0,28.0
1625601096.7116725,0.0,29.2134,0,28.0
1625601101.6193714,0.0,29.2009,0,28.0
1625601106.7117107,0.0,29.1634,0,28.0
1625601111.6195824,0.0,29.0509,0,28.0
1625601116.716278,0.0,29.1759,0,28.0
1625601121.6301315,0.0,29.1259,0,28.0
1625601126.7365146,0.0,29.1509,0,28.0
1625601131.6447184,0.0,29.1509,0,28.0
1625601136.7366753,0.0,29.1634,0,28.0
1625601141.6451106,0.0,29.0759,0,28.0
1625601146.7521858,0.0,29.0884,0,28.0
1625601151.660904,0.0,29.1259,0,28.0
1625601156.769114,0.0,29.0884,0,28.0
1625601161.6770203,0.0,29.0884,0,28.0
1625601166.7691073,0.0,29.0884,0,28.0
1625601171.6775525,0.0,29.0759,0,28.0
1625601176.7730916,0.0,29.0384,0,28.0
1625601181.6816387,0.0,29.0634,0,28.0
1625601186.7820997,0.0,29.0384,0,28.0
1625601191.6964254,0.0,29.0259,0,28.0
1625601196.7815695,0.0,29.0259,0,28.0
1625601201.6904407,0.0,29.0884,0,28.0
1625601206.797303,0.0,29.0134,0,28.0
1625601211.7055845,0.0,28.9884,0,28.0
1625601216.8081224,0.0,28.9759,0,28.0
1625601221.7166107,0.0,28.9634,0,28.0
1625601226.808082,0.0,28.9384,0,28.0
1625601231.715917,0.0,28.9384,0,28.0
1625601236.8237956,0.0,29.0134,0,28.0
1625601241.736429,0.0,28.9009,0,28.0
1625601246.8394358,0.0,28.9009,0,28.0
1625601251.7464306,0.0,28.9759,0,28.0
1625601256.8384576,0.0,28.8884,0,28.0
1625601261.7463393,0.0,28.9009,0,28.0
1625601266.8491554,0.0,28.8884,0,28.0
1625601271.7941577,0.0,28.9384,0,28.0
1625601276.8996625,0.0,28.8509,0,28.0
1625601281.807418,0.0,28.8509,0,28.0
1625601286.8993027,0.0,28.8759,0,28.0
1625601291.8128211,0.0,28.9384,0,28.0
1625601296.9169204,0.0,28.9259,0,28.0
1625601301.824567,0.0,28.8009,0,28.0
1625601306.9274802,0.0,28.8134,0,28.0
1625601311.8412905,0.0,28.8259,0,28.0
1625601316.9270127,0.0,28.7759,0,28.0
1625601321.841186,0.0,28.8259,0,28.0
1625601326.9487379,0.0,28.8009,0,28.0
1625601331.8541474,0.0,28.7509,0,28.0
1625601336.9554636,0.0,28.8634,0,28.0
1625601341.8639622,0.0,28.7384,0,28.0
1625601346.9555619,0.0,28.7509,0,28.0
1625601351.8632917,0.0,28.7634,0,28.0
1625601356.9655137,0.0,28.7759,0,28.0
1625601361.8796973,0.0,28.7259,0,28.0
1625601366.985681,0.0,28.6884,0,28.0
1625601371.893363,0.0,28.6884,0,28.0
1625601376.9853158,0.0,28.7134,0,28.0
1625601381.8934844,0.0,28.6884,0,28.0
1625601386.9986658,0.0,28.6884,0,28.0
1625601391.9064953,0.0,28.6758,0,28.0
1625601397.0083344,0.0,28.6384,0,28.0
1625601401.9217367,0.0,28.6509,0,28.0
1625601407.01183,0.0,28.6259,0,28.0
1625601411.925008,0.0,28.6758,0,28.0
1625601417.0262473,0.0,28.6634,0,28.0
1625601421.9344459,0.0,28.5509,0,28.0
1625601427.0419867,0.0,28.6384,0,28.0
1625601431.9494882,0.0,28.6259,0,28.0
1625601437.0411828,0.0,28.6259,0,28.0
1625601441.9494479,0.0,28.6509,0,28.0
1625601447.053449,0.0,28.5884,0,28.0
1625601451.9669054,0.0,28.5634,0,28.0
1625601457.0702279,0.0,28.5759,0,28.0
1625601461.9774513,0.0,28.5634,0,28.0
1625601467.069778,0.0,28.6259,0,28.0
1625601471.9783788,0.0,28.6384,0,28.0
1625601477.081148,0.0,28.5384,0,28.0
1625601481.990305,0.0,28.5258,0,28.0
1625601487.0984101,0.0,28.5759,0,28.0
1625601492.0064385,0.0,28.5134,0,28.0
1625601497.0981972,0.0,28.5009,0,28.0
1625601502.0059915,0.0,28.5258,0,28.0
1625601507.1138966,0.0,28.5009,0,28.0
1625601512.0272827,0.0,28.5009,0,28.0
1625601517.133756,0.0,28.4759,0,28.0
1625601522.047017,0.0,28.4633,0,28.0
1625601527.1332605,0.0,28.4633,0,28.0
1625601532.04728,0.0,28.4383,0,28.0
1625601537.1539662,0.0,28.4633,0,28.0
1625601542.0620546,0.0,28.4258,0,28.0
1625601547.1674743,0.0,28.5258,0,28.0
1625601552.075665,0.0,28.4258,0,28.0
1625601557.167811,0.0,28.4133,0,28.0
1625601562.0757103,0.0,28.4884,0,28.0
1625601567.180803,0.0,28.4258,0,28.0
1625601572.0948904,0.0,28.4258,0,28.0
1625601577.1993387,0.0,28.3758,0,28.0
1625601582.107226,0.0,28.4008,0,28.0
1625601587.1999497,0.0,28.3758,0,28.0
1625601592.10688,0.0,28.3508,0,28.0
1625601597.2105587,0.0,28.3883,0,28.0
1625601602.1468675,0.0,28.3883,0,28.0
1625601607.2499387,0.0,28.3508,0,28.0
1625601612.156712,0.0,28.3633,0,28.0
1625601617.2496438,0.0,28.3258,0,28.0
1625601622.1563365,0.0,28.3758,0,28.0
1625601627.2621007,0.0,28.2883,0,28.0
1625601632.1748874,0.0,28.3133,0,28.0
1625601637.2821422,0.0,28.2508,0,28.0
1625601642.1898086,0.0,28.2883,0,28.0
1625601647.2818124,0.0,28.2883,0,28.0
1625601652.1902962,0.0,28.2883,0,28.0
1625601657.2924054,0.0,28.2258,0,28.0
1625601662.1996365,0.0,28.2508,0,28.0
1625601667.3019862,0.0,28.2508,0,28.0
1625601672.2146487,0.0,28.2759,0,28.0
1625601677.3020742,0.0,28.1383,0,28.0
1625601682.2167115,0.0,28.2258,0,28.0
1625601687.3199294,0.0,28.2883,0,28.0
1625601692.2573981,0.0,28.2008,0,28.0
1625601697.363855,0.0,28.2008,0,28.0
1625601702.272563,0.0,28.2508,0,28.0
1625601707.3644083,0.0,28.1383,0,28.0
1625601712.2724688,0.0,28.2508,0,28.0
1625601717.3750765,0.0,28.2383,0,28.0
1625601722.2823653,0.0,28.2133,0,28.0
1625601727.3731346,0.0,28.1883,0,28.0
1625601732.283492,0.0,28.1258,0,28.0
1625601737.374537,0.0,28.1508,0,28.0
1625601742.2827656,0.0,28.1633,0,28.0
1625601747.3918128,0.0,28.1258,0,28.0
1625601752.3056502,0.0,28.1883,0,28.0
1625601757.4115145,0.0,28.1508,0,28.0
1625601762.319534,0.0,28.1508,0,28.0
1625601767.4116359,0.0,28.1008,0,28.0
1625601772.3199408,0.0,28.0758,0,28.0
1625601777.4278767,0.0,28.0508,0,28.0
1625601782.3417187,0.0,28.0633,0,28.0
1625601787.4475236,0.0,28.0758,0,28.0
1625601792.3554273,0.0,28.0633,0,28.0
1625601797.4469604,0.0,28.0383,0,28.0
1625601802.3560178,0.0,28.0633,0,28.0
1625601807.4631393,0.0,28.0883,0,28.0
1625601812.36985,0.0,28.0383,0,28.0
1625601817.4787128,0.0,28.0008,0,28.0
1625601822.38679,0.0,28.0258,0,28.0
1625601827.4778187,0.0,27.9883,0,28.0
1625601832.3864508,2.0,27.8883,0,28.0
1625601837.4874856,0.0,28.0133,0,28.0
1625601842.4012885,2.0,27.9883,0,28.0
1625601847.5064034,0.0,28.0258,0,28.0
1625601852.4200892,0.0,28.0133,0,28.0
1625601857.5090463,0.0,28.0008,0,28.0
1625601862.422848,0.0,27.9758,0,28.0
1625601867.5275087,0.0,28.0008,0,28.0
1625601872.4357674,0.0,28.0008,0,28.0
1625601877.5366154,2.0,28.0008,0,28.0
1625601882.444147,2.0,28.0258,0,28.0
1625601887.5364017,0.0,27.9883,0,28.0
1625601892.4444249,0.0,27.9883,0,28.0
1625601897.5412254,0.0,28.0008,0,28.0
1625601902.4490373,2.0,28.0133,0,28.0
1625601907.5538301,0.0,28.0008,0,28.0
1625601912.4668765,0.0,28.0508,0,28.0
1625601917.5584817,0.0,28.0133,0,28.0
1625601922.4654107,2.0,28.0133,0,28.0
1625601927.5643098,0.0,28.0008,0,28.0
1625601932.4768884,0.0,27.9883,0,28.0
1625601937.5824053,0.0,27.9758,0,28.0
1625601942.490168,0.0,27.9758,0,28.0
1625601947.5818257,2.0,27.8633,0,28.0
1625601952.4902732,0.0,28.0758,0,28.0
1625601957.5952103,0.0,27.9508,0,28.0
1625601962.5088024,2.0,27.9883,0,28.0
1625601967.6135006,0.0,28.0133,0,28.0
1625601972.521225,2.0,27.9758,0,28.0
1625601977.6140208,0.0,28.0008,0,28.0
1625601982.521634,0.0,28.0508,0,28.0
1625601987.6265213,0.0,28.0883,0,28.0
1625601992.5343108,0.0,28.0133,0,28.0
1625601997.640198,0.0,28.0133,0,28.0
1625602002.5684168,2.0,27.9758,0,28.0
1625602007.660386,0.0,27.9883,0,28.0
1625602012.5686634,0.0,27.8508,0,28.0
1625602017.6698008,0.0,27.9883,0,28.0
1625602022.5765355,0.0,27.9883,0,28.0
1625602027.6759527,0.0,27.9758,0,28.0
1625602032.5842066,2.0,28.0008,0,28.0
1625602037.6761599,2.0,27.9883,0,28.0
1625602042.5847738,0.0,28.0383,0,28.0
1625602047.6877594,2.0,27.9383,0,28.0
1625602052.601278,2.0,27.9883,0,28.0
1625602057.7042105,0.0,28.1258,0,28.0
1625602062.612063,2.0,28.0133,0,28.0
1625602067.7036722,0.0,27.9883,0,28.0
1625602072.6118832,0.0,28.0633,0,28.0
1625602077.714231,0.0,28.0133,0,28.0
1625602082.6207092,2.0,27.9383,0,28.0
1625602087.7123163,0.0,27.9008,0,28.0
1625602092.6207335,0.0,27.9883,0,28.0
1625602097.712231,0.0,28.0758,0,28.0
1625602102.6204557,0.0,28.0008,0,28.0
1625602107.7262442,0.0,28.0133,0,28.0
1625602112.6335244,2.0,27.9758,0,28.0
1625602117.7350123,2.0,28.0133,0,28.0
1625602122.6418765,0.0,28.0008,0,28.0
1625602127.733981,0.0,28.0008,0,28.0
1625602132.6472726,0.0,27.9883,0,28.0
1625602137.7533817,0.0,27.9883,0,28.0
1625602142.6612866,0.0,28.0133,0,28.0
1625602147.7681825,2.0,27.9758,0,28.0
1625602152.6760058,0.0,28.1133,0,28.0
1625602157.7684412,2.0,28.0133,0,28.0
1625602162.6763527,0.0,28.0008,0,28.0
1625602167.777643,2.0,28.0383,0,28.0
1625602172.685774,0.0,27.9883,0,28.0
1625602177.7880802,2.0,28.0008,0,28.0
1625602182.6966105,2.0,27.9883,0,28.0
1625602187.7892475,0.0,27.9883,0,28.0
1625602192.6964936,0.0,28.1258,0,28.0
1625602197.7975047,2.0,28.0133,0,28.0
1625602202.7089736,0.0,28.0508,0,28.0
1625602207.8157504,0.0,28.0008,0,28.0
1625602212.7217789,0.0,27.9883,0,28.0
1625602217.8135808,2.0,28.0008,0,28.0
1625602222.7223773,0.0,28.0008,0,28.0
1625602227.820129,0.0,28.0133,0,28.0
1625602232.7282653,0.0,28.0508,0,28.0
1625602237.8315396,2.0,28.0133,0,28.0
1625602242.7382016,0.0,27.9883,0,28.0
1625602247.8299916,0.0,27.9633,0,28.0
1625602252.7370918,0.0,28.0883,0,28.0
1625602257.8342893,2.0,27.8633,0,28.0
1625602262.7427697,0.0,27.9883,0,28.0
1625602268.1763725,2.0,27.9883,0,28.0
1625602272.7583067,0,28.0008,0,28.0
1625602277.87722,0,28.1133,0,28.0
1625602282.7963464,0,28.0633,0,28.0
1625602287.9156244,0,27.9758,0,28.0
1625602292.824148,0,28.0133,0,28.0
1625602297.9435742,0,27.9758,0,28.0
